AllProductHighPrice1,AllProductLowPrice1,AllProductName1,AllProductShopName1,AllProductShopPrice1,AllProductTAG,CurrencyofPrice,HighPrice,LowPrice,MemorySize,ShopsName1,ShopsName1Discription,ShopsName1Price,ShopsName2,ShopsName2Discription,ShopsName2Price,ShopsName3,ShopsName3Discription,ShopsName3Price,ShopsName4,ShopsName4Discription,ShopsName4Price,ShopsName5,ShopsName5Discription,ShopsName5Price,SitiAll,SitiPhoneName,SitiPhonePrice,SitiPhonePriceChanged,Title
,,,,,,,,,,,,,,,,,,,,,,,,,,"Xiaomi Redmi Note 7,Xiaomi Redmi Note 7 Pro,Xiaomi Mi 9 SE,Xiaomi Mi 9,OnePlus 6T,Xiaomi Mi 8,Xiaomi Redmi 7,Meizu Note 9,Xiaomi Pocophone F1,Xiaomi Redmi Note 5,Xiaomi Mi 8 Lite,Huawei P30 Lite,Meizu 16 th,Xiaomi Redmi AirDots,Samsung Galaxy A50,OnePlus 6,Xiaomi Mi A2,Xiaomi Redmi Note 6 Pro,Google Pixel 3,Huawei Watch GT,Xiaomi Mi 8 SE,Xiaomi Mi Play,Xiaomi Mi A2 Lite,Xiaomi Redmi Go,OPPO Reno,Asus Zenfone 5z,Xiaomi Mi Band 3,Meizu 16X,OnePlus 5T,Xiaomi Mi Max 3,Xiaomi Redmi 6 Pro,Google Pixel 2 XL,Xiaomi Mi AirDots Youth Edition,Xiaomi Mi MIX 2S,Huawei P30 Pro,Xiaomi Black Shark 2,Google Pixel XL,Samsung Galaxy S10 Plus,Samsung Galaxy A80,Samsung Galaxy A40,Meizu X8,Apple iPhone 7,Xiaomi Mi MIX 3,Huawei Honor 10 Lite,Xiaomi Redmi 5 Plus,Meizu 15,Huawei P30,Xiaomi Mi Note 3,Huawei Honor 8X,Samsung Galaxy M20,Xiaomi Mi Pad 4,Xiaomi Redmi 5,Huawei Honor V20,Samsung Galaxy S9,Samsung Galaxy M30,Huawei Mate 20X,Xiaomi Mi MIX 2,Lenovo K5 Pro,OPPO Find X,Meizu M8 Note (Note 8),OPPO Reno 10x,Huawei P20 Pro,Xiaomi Redmi 6A,Huawei Honor 8X Max,Lenovo Z5s,Xiaomi Redmi 6,Samsung Galaxy S8,Amazfit Stratos Sports Smartwatch 2,Samsung Galaxy A30,OPPO Reno Lite,OPPO K1,Xiaomi Mi Pad 4 Plus,Meizu M6 Note,Xiaomi Mi 6,Samsung Galaxy S10e,Xiaomi Redmi 4X,Huawei Nova 4e,Asus ZenFone Max Pro M2,Lenovo Z5 Pro,Xiaomi Mi AirDots Pro,Huawei Mate 20 Pro,Xiaomi Mi 8 Pro (UD),Xiaomi Amazfit Cor 2,Vivo iQOO,Huawei Honor 10i,Samsung Galaxy S10,Xiaomi Mi 6X,Huawei Honor 10,Meizu M15,Samsung Galaxy A20,Samsung Galaxy Note 9,LG V30,Elephone U Pro,Google Pixel 2,Xiaomi Amazfit Bip,OnePlus 3T,Huawei Honor Note 10,Huawei Honor Band 4,ZTE Nubia Red Magic Mars,Amazfit Verge,Meizu 16 Plus,Vivo V15 Pro,OnePlus 5,Sharp Aquos S3,Samsung Galaxy A70,Samsung Galaxy A8s,Huawei Honor 8C,Xiaomi Mi Gaming Laptop,Xiaomi Redmi Note 4X,Xiaomi Redmi S2,Xiaomi Mi A1,Meizu M6T,Lenovo S5,Huawei Mate 20,Lenovo Z5,Lenovo S5 Pro,LeEco Cool 1,Meizu M8c,Xiaomi Black Shark,ZTE Nubia X,Samsung Galaxy A10,Huawei P20,Samsung Galaxy M10,Xiaomi Mi Box S,OnePlus 7,Nokia X6,Xiaomi Mi Notebook Air 13.3,OPPO Realme 2,Nokia X7,Huawei Y7 (2019),Xiaomi Black Plus NFC (Hey Plus),Meizu EP52,Sharp Aquos S2,Samsung Galaxy A60,Huawei Mate 20 Lite,Nokia 7 Plus,Huawei Nova 4,Samsung Galaxy Note 8,ZTE Nubia Z18,Samsung Galaxy S9 Plus,Xiaomi Pocophone F2,OnePlus Bullets Wireless,Apple iPhone SE,Xiaomi Mi Notebook Pro,Meizu Pro 7 Plus,ZTE Nubia Z18 mini,Apple iPhone 8,Meizu M6S,Huawei Honor Magic 2,ZTE Nubia Z17 mini,Samsung Galaxy S7,Apple iPhone XR,OnePlus Bullets 2T,Xiaomi Mi Notebook,Asus ROG Phone,Xiaomi 1More iBFree,Xiaomi Mi PowerBank 3,Xiaomi Huami Amazfit,Meizu M6,Apple iPhone X,Huawei Honor 9 Lite,Huawei Honor Play,Huawei Honor 7C,Google Pixel 3 XL,Huawei Honor Play 7,Meizu POP,Meizu V8 (M8 lite),Xiaomi Redmi Note 5A,Elephone U,Xiaomi Mi Sports Bluetooth Headset Mini,Asus Zenfone 5,Apple iPhone 7 Plus,ZTE Nubia V18,Huawei Band 3 Pro,Lenovo K5 Note,Nokia X5,Nokia 3.1 Plus,Meizu V8 Pro (M8),Huawei Honor 7A,Samsung Galaxy S8 Plus,ZTE Nubia Red Magic,Lenovo A5,Nokia 8 Sirocco,LG G8,Huawei FreeBuds,360 N7,Xiaomi Hybrid Pro,Xiaomi Black Shark Helo,Ulefone Armor 6,ZTE Nubia M2,OPPO A3,Asus Zenfone Max Pro (M1),Meizu 16s,LeEco Cool Changer S1,Xiaomi Mi5s,Nokia 9 PureView,Xiaomi Mi Max 2,ZTE Nubia Z17s,LG V40,Huawei Mate 10 Pro,Apple iPhone Xs Max,Huawei Honor Watch Magic,Huawei Honor V10,Meizu 15 Plus,Asus ZenFone Max M2,Huawei Mate 10,Sony Xperia 1,Sony Xperia 10 Plus,ZTE Nubia N3,LG Q60,ZTE Nubia Z17 Lite,Lenovo Z6 Pro,Xiaomi 70 Minutes Smart WiFi Car DVR,LeEco Le 2,Apple iPhone 8 Plus,Xiaomi Mi Band 2,Vivo X23,Huawei Nova 3i,Lenovo P8,Xiaomi Redmi 5A,Meizu EP52 Lite,Xiaomi Mijia Quartz Watch,Xiaomi Mi 5X,Chuwi Lapbook SE,Huawei Honor 9i,Apple iPhone Xs,Vivo NEX Dual Screen,Chuwi Hipad,Sony Xperia 10,Meizu Pro 7,Huawei Nova 3,Huawei Honor 9,ZTE Axon 9 Pro,Xiaomi Mi Powerbank 2 10000 mAh,Meizu E3,Huawei Watch 2,Xiaomi Mi Bluetooth Headset Mini,Xiaomi Piston 3,Nokia 7,Huawei Nova 3e,ZTE Nubia Z17 mini S,Elephone A5,Xiaomi Mi Max 4,Huawei Band 3,Samsung Galaxy A9 (2018),LeEco Le S3,Samsung Galaxy A8 (2018),Asus Zenfone Max Plus (M1),OPPO A5,Xiaomi Mi Router 4,Huawei Nova 2S,Huawei Honor 7X,Xiaomi Mi Band 4,Xiaomi Mi Notebook Pro 2,Meizu HD50,Huawei MediaPad M5 8,ZTE Nubia Z17,Xiaomi Mi Sport Bluetooth Headset Youth Edition,Meizu M5s,Chuwi Hi9 Pro,Xiaomi Mi Geek Backpack,Leagoo S8,Xiaomi Redmi 7A,Vivo NEX S,LeEco Le Pro 3,Teclast F5,Teclast M20 4G,Vivo Z1,Xiaomi Mi 9 Lite,Xiaomi Mi Robot Vacuum,ZTE Nubia M2 Lite,Samsung Galaxy A5 (2017),Xiaomi Mi 9X,Huawei Nova 2i,Chuwi Hi9 Plus,Рюкзак Xiaomi Classic Business,Xiaomi Mi A3,Samsung Galaxy J4 Plus (2018),Doogee X60L,Amazfit Stratos Sports Smartwatch 2S,Sony Xperia XZ2 Compact,Smartisan Nut Pro 2S,Xiaomi notebook air 13.3,Xiaomi Colourful Yeelight,Xiaomi ZMI Powerbank 10000 mAh,Samsung Galaxy A7 (2018),Vivo V9,Xiaomi Mi5s Plus,Xiaomi Mijia Car DVR Camera,Xiaomi Mi Box 4c,Xiaomi Mi Powerbank 2C 20000 mAh,Huawei Enjoy 8 Plus,Nokia 7.1,Leagoo T5,Sharp Aquos R2,UMIDIGI Z2,Xiaomi Mi Collar Bluetooth Headset,Meizu A20,Xiaomi Mi Keyboard(Yuemi MK01),Lenovo Watch 9,LeEco Le 2 Pro,Xiaomi Sport Headphones,Xiaomi Mi Electric Scooter,Samsung Galaxy A6 Plus (2018),Xiaomi Mi Max 4 Pro,Xiaomi Redmi X,Xiaomi Mi Gaming Headset,Xiaomi Mi Powerbank Pro 10000 mAh,Рюкзак Xiaomi 26L,Xiaomi Mijia Pen,Teclast P80 Pro,OPPO A3s,Huawei Enjoy 8e,Xiaomi Mi Pad 3,Meizu Power Bank 3,Huawei P Smart Plus (2019),Zhiyun Crane Plus,LG K50,Xiaomi notebook air 12.5,Рюкзак Xiaomi 20L,Xiaomi Hybrid,Bluboo S8,DJI Mavic Pro,Xiaomi Mi Box 4,Bluboo S8 Plus,Sony Xperia XZ3,Xiaomi Mi Powerbank 5000 mAh,Lenovo Watch X Plus,UMIDIGI Z2 Pro,Xiaomi Bluetooth Headset,DJI Mavic Air,Sony Xperia XZ1,Xiaomi Redmi 7 Pro,Рюкзак Xiaomi Mi Minimalist Urban,Chuwi Lapbook Air,Meizu M5,Xiaomi TS Anti blue rays,Sony Xperia XZ1 Compact,Huawei MediaPad M5 10,Huawei Enjoy 8,Chuwi Hi9 Air,OnePlus X,OnePlus Bullets V2,Huawei Honor Band 3,Vivo Y85,Sony Xperia XZ2 Premium,Meizu EP51,Samsung Galaxy J6 Plus (2018),Teclast M89,Xiaomi Mi Drone,OPPO R15 Pro,ZTE Blade V9,Xiaomi ZMI Powerbank 20000 mAh,Vivo NEX A,Blackview BV5800,Meizu M5c,LeEco Le 2 Max,Xiaomi Redmi Pro 2,Xiaomi Mi Box 3,Xiaomi Dual-Unit Half-Ear Headphone,Samsung Galaxy J6 (2018),Huawei MediaPad M5 Pro,Xiaomi Midong,Рюкзак Xiaomi Backpack,Leagoo KIICAA MIX,Xiaomi YI 4K,LG G6,Zhiyun Smooth Q,Lenovo Watch X,Meizu LIVE,Oukitel U18,Рюкзак Xiaomi Sling Bag,Xiaomi Mi A3 Lite,Google Pixel 3a XL,Samsung Galaxy A3 (2017),Xiaomi Tripod Selfie Stick,Samsung Galaxy A6 (2018),Xiaomi YI action camera,Sony Xperia XA2,VOYO Notebook i7 15.6,Mifo i8,Samsung Galaxy J7 (2017),Samsung Galaxy A7 (2017),Samsung Galaxy A90,ROMOSS Sense 4/4 Plus 10000 mAh,Xiaomi Pocophone F1 Lite,Blackview BV5800 Pro,Teclast F7,Chuwi Hi9,Samsung Galaxy A8 Plus (2018),Samsung Galaxy J5 (2017),Zhiyun Crane 2,Vivo V7,Рюкзак Xiaomi 20L Nylon,Sony Xperia XA2 Plus,Xiaomi Mijia LED Desk Lamp,Meizu Gravity,Teclast T20,Vivo X20,Colorful iGame GeForce GTX 1060 3Gb,Meizu 16T,Xiaomi Wowstick 1FS - Шуруповерт,Xiaomi Mi ANC Earphones Hybrid USB Type-C,Sharp Z2,Google Pixel 3a,Xiaomi Piston Air Capsule,Xiaomi Mi Headphones,Teclast F6 Pro,Sony Xperia XZ2,Xiaomi Redmi Note 6,Huawei TalkBand B5,OPPO R15,Ulefone X,Blackview P10000 Pro,Рюкзак Meizu Backpack,Acton Smart Electric Skateboard,Yeston Radeon RX580 4/8Gb,Xiaomi Electric Shaver,Sony Xperia XA2 Ultra,Doogee S60 Lite,Lenovo Vibe P2,DJI Spark,Meizu Halo,Xiaomi Mi Band 1S,OPPO R11s,Xiaomi Mi Router 3,Meizu Zero,Meizu 16s Plus,Colorful iGame GeForce GTX 1050Ti 4Gb,ROMOSS Sense 6/6 Plus 20000 mAh,ZTE Nubia Z19,Doogee BL12000,Xiaomi Mi Smart Rearview Mirror,Xiaomi Mi 8X,Yeston GeForce GTX 1050Ti 4Gb,LG K40,Xiaomi Portable Bluetooth Speaker,Xiaomi Redmi S3,Vivo X21,HomTom S99,ZTE Nubia N2,Teclast X3 Plus,Xiaomi USB Hub,Teclast Tbook 10 S,Samsung Galaxy J8 (2018),Xiaomi Mi Mix 3s,Weloop Hey S3,Xiaomi Mi Pad 2,Meizu Powerbank M20 10000 mAh,Xiaomi Mi VR Standalone,Blackview BV6000,Ulefone Power 5,OPPO A1,Xiaowa Robotic Cleaner Youth Edition,DJI Phantom 3 SE,ZTE Nubia Red Magic 2,ZTE Nubia Red Magic 3,Xiaomi Mijia LED Desk Lamp 2,Blackview BV9000 Pro,Asus ZX53VD7300,ZTE Axon 9,Vivo X20 Plus,MSI GL62M 7REX 8/16 Gb RAM,Рюкзак TIGERNU Business Backpack 20L,Xiaomi Mi Smart Network Speaker,Colorful iGame GeForce GTX 1080U 8Gb,Nokia 7.1 Plus,Xiaomi Mi Note 4,Рюкзак Tanluhu Sports Backpack,Meizu Band,Xiaomi Smart Kettle,ZTE Nubia Z18s,Xiaomi Bluetooth Speaker 2,Meizu Note 8 Plus (M8 Note Plus),OPPO Find Z,Teclast tbook 16,Xiaomi 70 Steps Smart Rearview Mirror,VOYO i8 Plus,Xiaomi Power Strip,Рюкзак Military Outdoor 3P Backpack 30L,Lenovo K5X,Xiaomi Soocare X3 - Зубная щетка,Nokia 4,Meizu Lifeme BTS30,Xiaomi VR,A118C Registrator,Doogee S60,Meizu M16,Colorful iGame GeForce GTX 1060U 3/6Gb,Sony Xperia XZ4,Yeston Radeon RX 460 4Gb,Samsung Galaxy J2 (2018),DJI Phantom 4,Meizu Note 9 Lite,Colorful iGame GeForce GTX 1070Ti 8Gb,Meizu M16 Plus,Cube Mix Plus,Xiaomi Redmi 6 Plus,Chuwi LapBook 12.3,Colorful iGame GeForce GTX 1080X 8Gb","
			Цена от 320$
		,
			Цена от 310$
		,
			Цена от 114$
		,
			Цена от 201$
		,
			Цена от 250$
		,
			Цена от 169$
		,
			Цена от 273$
		,
			Цена от 135$
		,
			Цена от 120$
		,
			Цена от 953$
		,
			Цена от 133$
		,
			Цена от 735$
		,
			Цена от 447$
		,
			Цена от 157$
		,
			Цена от 139$
		,
			Цена от 273$
		,
			Цена от 166$
		,
			Цена от 290$
		,
			Цена от 29$
		,
			Цена от 760$
		,
			Цена от 39$
		,
			Цена от 125$
		,
			Цена от 130$
		,
			Цена от 180$
		,
			Цена от 182$
		,
			Цена от 18$
		,
			Цена от 42$
		,
			Цена от 17$
		,
			Цена от 370$
		,
			Цена от 999$
		,
			Цена от 739$
		,
			Цена от 100$
		","-4$,-1$,-1$,-1$,-16$,-5$,-1$,-10$,-13$,-26$,-3$,-6$,-4$,-6$,-1$,-1$,-12$,-46$,-5$,-20$,-1$,-5$,-10$,-4$,-18$,-2$,-8$,-1$,-30$,-221$,-10$,-20$",
